VSPC_Name,Address,City,State,ZIP,PRECINCT
Arapahoe Community College,5900 S Santa Fe Dr,Littleton,CO,80120,155
Arapahoe Community College,5900 S Santa Fe Dr,Littleton,CO,80120,156
Arapahoe Community College,5900 S Santa Fe Dr,Littleton,CO,80120,163
Arapahoe Community College,5900 S Santa Fe Dr,Littleton,CO,80120,164
Arapahoe Community College,5900 S Santa Fe Dr,Littleton,CO,80120,165
Arapahoe Community College,5900 S Santa Fe Dr,Littleton,CO,80120,166
Arapahoe Community College,5900 S Santa Fe Dr,Littleton,CO,80120,167
Arapahoe Community College,5900 S Santa Fe Dr,Littleton,CO,80120,168
Arapahoe Community College,5900 S Santa Fe Dr,Littleton,CO,80120,169
Arapahoe Community College,5900 S Santa Fe Dr,Littleton,CO,80120,170
Arapahoe Community College,5900 S Santa Fe Dr,Littleton,CO,80120,171
Arapahoe Community College,5900 S Santa Fe Dr,Littleton,CO,80120,172
Arapahoe Community College,5900 S Santa Fe Dr,Littleton,CO,80120,173
Arapahoe Community College,5900 S Santa Fe Dr,Littleton,CO,80120,174
Arapahoe Community College,5900 S Santa Fe Dr,Littleton,CO,80120,175
Arapahoe Community College,5900 S Santa Fe Dr,Littleton,CO,80120,176
Arapahoe Community College,5900 S Santa Fe Dr,Littleton,CO,80120,177
Arapahoe Community College,5900 S Santa Fe Dr,Littleton,CO,80120,178
Arapahoe Community College,5900 S Santa Fe Dr,Littleton,CO,80120,179
Arapahoe County CentrePoint Plaza,14980 E Alameda Dr,Aurora,CO,80012,545
Arapahoe County Fairgrounds,25690 E Quincy Ave,Aurora,CO,80016,348
Arapahoe County Fairgrounds,25690 E Quincy Ave,Aurora,CO,80016,357
Arapahoe County Fairgrounds,25690 E Quincy Ave,Aurora,CO,80016,359
Arapahoe County Fairgrounds,25690 E Quincy Ave,Aurora,CO,80016,360
Arapahoe County Fairgrounds,25690 E Quincy Ave,Aurora,CO,80016,361
Arapahoe County Fairgrounds,25690 E Quincy Ave,Aurora,CO,80016,362
Arapahoe County Fairgrounds,25690 E Quincy Ave,Aurora,CO,80016,366
Arapahoe County Lima Plaza,6954 S Lima St,Centennial,CO,80112,218
Arapahoe County Lima Plaza,6954 S Lima St,Centennial,CO,80112,220
Arapahoe County Lima Plaza,6954 S Lima St,Centennial,CO,80112,222
Arapahoe County Lima Plaza,6954 S Lima St,Centennial,CO,80112,235
Arapahoe County Lima Plaza,6954 S Lima St,Centennial,CO,80112,236
Arapahoe County Lima Plaza,6954 S Lima St,Centennial,CO,80112,237
Arapahoe County Lima Plaza,6954 S Lima St,Centennial,CO,80112,238
Arapahoe County Lima Plaza,6954 S Lima St,Centennial,CO,80112,239
Arapahoe County Lima Plaza,6954 S Lima St,Centennial,CO,80112,240
Arapahoe County Lima Plaza,6954 S Lima St,Centennial,CO,80112,241
Arapahoe County Lima Plaza,6954 S Lima St,Centennial,CO,80112,242
Aurora Center for Active Adults,30 Del Mar Cir,Aurora,CO,80011,503
Aurora Center for Active Adults,30 Del Mar Cir,Aurora,CO,80011,504
Aurora Center for Active Adults,30 Del Mar Cir,Aurora,CO,80011,505
Aurora Center for Active Adults,30 Del Mar Cir,Aurora,CO,80011,506
Aurora Center for Active Adults,30 Del Mar Cir,Aurora,CO,80011,507
Aurora Center for Active Adults,30 Del Mar Cir,Aurora,CO,80011,508
Aurora Center for Active Adults,30 Del Mar Cir,Aurora,CO,80011,509
Aurora Center for Active Adults,30 Del Mar Cir,Aurora,CO,80011,510
Aurora Center for Active Adults,30 Del Mar Cir,Aurora,CO,80011,511
Aurora Center for Active Adults,30 Del Mar Cir,Aurora,CO,80011,513
Aurora Center for Active Adults,30 Del Mar Cir,Aurora,CO,80011,514
Aurora Center for Active Adults,30 Del Mar Cir,Aurora,CO,80011,515
Aurora Center for Active Adults,30 Del Mar Cir,Aurora,CO,80011,516
Aurora Center for Active Adults,30 Del Mar Cir,Aurora,CO,80011,517
Aurora Public Schools Educational Service Center 4,1085 Peoria St,Aurora,CO,80011,528
Aurora Public Schools Educational Service Center 4,1085 Peoria St,Aurora,CO,80011,529
Aurora Public Schools Professional Learning & Conference Center,15771 E 1st Ave,Aurora,CO,80011,548
Aurora Public Schools Professional Learning & Conference Center,15771 E 1st Ave,Aurora,CO,80011,549
Beck Recreation Center,800 Telluride St,Aurora,CO,80011,531
Beck Recreation Center,800 Telluride St,Aurora,CO,80011,546
Beck Recreation Center,800 Telluride St,Aurora,CO,80011,547
Bemis Public Library,6014 S Datura St,Littleton,CO,80120,126
Bemis Public Library,6014 S Datura St,Littleton,CO,80120,141
Bemis Public Library,6014 S Datura St,Littleton,CO,80120,142
Bemis Public Library,6014 S Datura St,Littleton,CO,80120,143
Bemis Public Library,6014 S Datura St,Littleton,CO,80120,144
Bemis Public Library,6014 S Datura St,Littleton,CO,80120,146
Bemis Public Library,6014 S Datura St,Littleton,CO,80120,147
Bemis Public Library,6014 S Datura St,Littleton,CO,80120,149
Bemis Public Library,6014 S Datura St,Littleton,CO,80120,150
Bemis Public Library,6014 S Datura St,Littleton,CO,80120,151
Bemis Public Library,6014 S Datura St,Littleton,CO,80120,152
Bemis Public Library,6014 S Datura St,Littleton,CO,80120,153
Bemis Public Library,6014 S Datura St,Littleton,CO,80120,154
Bemis Public Library,6014 S Datura St,Littleton,CO,80120,158
Bemis Public Library,6014 S Datura St,Littleton,CO,80120,159
Bemis Public Library,6014 S Datura St,Littleton,CO,80120,160
Bemis Public Library,6014 S Datura St,Littleton,CO,80120,161
Bemis Public Library,6014 S Datura St,Littleton,CO,80120,162
Central Recreation Center,18150 E Vassar Pl,Aurora,CO,80013,550
Cherry Creek School District Instructional Support Facility,5416 S Riviera Way,Centennial,CO,80112,148
Cherry Creek School District Instructional Support Facility,5416 S Riviera Way,Centennial,CO,80112,157
Cherry Creek School District Instructional Support Facility,5416 S Riviera Way,Centennial,CO,80112,181
Cherry Creek School District Instructional Support Facility,5416 S Riviera Way,Centennial,CO,80112,191
Cherry Creek School District Instructional Support Facility,5416 S Riviera Way,Centennial,CO,80112,192
Cherry Creek School District Instructional Support Facility,5416 S Riviera Way,Centennial,CO,80112,199
Cherry Creek School District Instructional Support Facility,5416 S Riviera Way,Centennial,CO,80112,209
Cherry Creek School District Instructional Support Facility,5416 S Riviera Way,Centennial,CO,80112,210
Cherry Creek School District Instructional Support Facility,5416 S Riviera Way,Centennial,CO,80112,211
Cherry Creek School District Instructional Support Facility,5416 S Riviera Way,Centennial,CO,80112,212
Cherry Creek School District Instructional Support Facility,5416 S Riviera Way,Centennial,CO,80112,214
Cherry Creek School District Instructional Support Facility,5416 S Riviera Way,Centennial,CO,80112,217
Cherry Creek School District Instructional Support Facility,5416 S Riviera Way,Centennial,CO,80112,219
Cherry Creek School District Instructional Support Facility,5416 S Riviera Way,Centennial,CO,80112,221
Cherry Creek School District Instructional Support Facility,5416 S Riviera Way,Centennial,CO,80112,223
Cherry Creek School District Instructional Support Facility,5416 S Riviera Way,Centennial,CO,80112,225
City of Aurora Municipal Center,15151 E Alameda Pkwy,Aurora,CO,80012,291
City of Aurora Municipal Center,15151 E Alameda Pkwy,Aurora,CO,80012,426
City of Aurora Municipal Center,15151 E Alameda Pkwy,Aurora,CO,80012,435
City of Aurora Municipal Center,15151 E Alameda Pkwy,Aurora,CO,80012,437
City of Aurora Municipal Center,15151 E Alameda Pkwy,Aurora,CO,80012,438
City of Aurora Municipal Center,15151 E Alameda Pkwy,Aurora,CO,80012,439
City of Aurora Municipal Center,15151 E Alameda Pkwy,Aurora,CO,80012,440
City of Aurora Municipal Center,15151 E Alameda Pkwy,Aurora,CO,80012,441
City of Aurora Municipal Center,15151 E Alameda Pkwy,Aurora,CO,80012,442
City of Aurora Municipal Center,15151 E Alameda Pkwy,Aurora,CO,80012,443
City of Aurora Municipal Center,15151 E Alameda Pkwy,Aurora,CO,80012,444
City of Aurora Municipal Center,15151 E Alameda Pkwy,Aurora,CO,80012,445
City of Aurora Municipal Center,15151 E Alameda Pkwy,Aurora,CO,80012,446
City of Aurora Municipal Center,15151 E Alameda Pkwy,Aurora,CO,80012,447
City of Aurora Municipal Center,15151 E Alameda Pkwy,Aurora,CO,80012,451
City of Aurora Municipal Center,15151 E Alameda Pkwy,Aurora,CO,80012,453
City of Aurora Municipal Center,15151 E Alameda Pkwy,Aurora,CO,80012,461
City of Aurora Municipal Center,15151 E Alameda Pkwy,Aurora,CO,80012,462
City of Aurora Municipal Center,15151 E Alameda Pkwy,Aurora,CO,80012,463
City of Aurora Municipal Center,15151 E Alameda Pkwy,Aurora,CO,80012,464
City of Aurora Municipal Center,15151 E Alameda Pkwy,Aurora,CO,80012,465
City of Aurora Municipal Center,15151 E Alameda Pkwy,Aurora,CO,80012,466
City of Aurora Municipal Center,15151 E Alameda Pkwy,Aurora,CO,80012,467
City of Aurora Municipal Center,15151 E Alameda Pkwy,Aurora,CO,80012,468
City of Aurora Municipal Center,15151 E Alameda Pkwy,Aurora,CO,80012,469
City of Aurora Municipal Center,15151 E Alameda Pkwy,Aurora,CO,80012,470
City of Aurora Municipal Center,15151 E Alameda Pkwy,Aurora,CO,80012,471
City of Aurora Municipal Center,15151 E Alameda Pkwy,Aurora,CO,80012,472
City of Aurora Municipal Center,15151 E Alameda Pkwy,Aurora,CO,80012,537
City of Aurora Municipal Center,15151 E Alameda Pkwy,Aurora,CO,80012,538
City of Aurora Municipal Center,15151 E Alameda Pkwy,Aurora,CO,80012,539
City of Aurora Municipal Center,15151 E Alameda Pkwy,Aurora,CO,80012,540
City of Aurora Municipal Center,15151 E Alameda Pkwy,Aurora,CO,80012,541
City of Aurora Municipal Center,15151 E Alameda Pkwy,Aurora,CO,80012,543
City of Aurora Municipal Center,15151 E Alameda Pkwy,Aurora,CO,80012,544
City of Aurora Municipal Center,15151 E Alameda Pkwy,Aurora,CO,80012,554
City of Aurora Municipal Center,15151 E Alameda Pkwy,Aurora,CO,80012,558
City of Aurora Municipal Center,15151 E Alameda Pkwy,Aurora,CO,80012,560
City of Aurora Municipal Center,15151 E Alameda Pkwy,Aurora,CO,80012,564
City of Sheridan Municipal Building,4101 S Federal Blvd,Sheridan,CO,80110,101
City of Sheridan Municipal Building,4101 S Federal Blvd,Sheridan,CO,80110,102
City of Sheridan Municipal Building,4101 S Federal Blvd,Sheridan,CO,80110,103
City of Sheridan Municipal Building,4101 S Federal Blvd,Sheridan,CO,80110,104
City of Sheridan Municipal Building,4101 S Federal Blvd,Sheridan,CO,80110,122
Community College of Aurora CentreTech Campus,16000 E CentreTech Pkwy,Aurora,CO,80011,527
Community College of Aurora CentreTech Campus,16000 E CentreTech Pkwy,Aurora,CO,80011,530
Cook Park Recreation Center,7100 Cherry Creek S Dr,Denver,CO,80224,137
Cook Park Recreation Center,7100 Cherry Creek S Dr,Denver,CO,80224,138
Cook Park Recreation Center,7100 Cherry Creek S Dr,Denver,CO,80224,139
Cook Park Recreation Center,7100 Cherry Creek S Dr,Denver,CO,80224,401
Cook Park Recreation Center,7100 Cherry Creek S Dr,Denver,CO,80224,402
Cook Park Recreation Center,7100 Cherry Creek S Dr,Denver,CO,80224,403
Cook Park Recreation Center,7100 Cherry Creek S Dr,Denver,CO,80224,404
Cook Park Recreation Center,7100 Cherry Creek S Dr,Denver,CO,80224,405
Cook Park Recreation Center,7100 Cherry Creek S Dr,Denver,CO,80224,406
Cook Park Recreation Center,7100 Cherry Creek S Dr,Denver,CO,80224,407
Cook Park Recreation Center,7100 Cherry Creek S Dr,Denver,CO,80224,408
Cook Park Recreation Center,7100 Cherry Creek S Dr,Denver,CO,80224,409
Cook Park Recreation Center,7100 Cherry Creek S Dr,Denver,CO,80224,410
Cook Park Recreation Center,7100 Cherry Creek S Dr,Denver,CO,80224,411
Cook Park Recreation Center,7100 Cherry Creek S Dr,Denver,CO,80224,412
Cook Park Recreation Center,7100 Cherry Creek S Dr,Denver,CO,80224,413
Cook Park Recreation Center,7100 Cherry Creek S Dr,Denver,CO,80224,414
Cook Park Recreation Center,7100 Cherry Creek S Dr,Denver,CO,80224,415
Cook Park Recreation Center,7100 Cherry Creek S Dr,Denver,CO,80224,419
Cook Park Recreation Center,7100 Cherry Creek S Dr,Denver,CO,80224,460
Cook Park Recreation Center,7100 Cherry Creek S Dr,Denver,CO,80224,474
Englewood Civic Center,1000 Englewood Pkwy,Englewood,CO,80110,105
Englewood Civic Center,1000 Englewood Pkwy,Englewood,CO,80110,106
Englewood Civic Center,1000 Englewood Pkwy,Englewood,CO,80110,107
Englewood Civic Center,1000 Englewood Pkwy,Englewood,CO,80110,108
Englewood Civic Center,1000 Englewood Pkwy,Englewood,CO,80110,109
Englewood Civic Center,1000 Englewood Pkwy,Englewood,CO,80110,110
Englewood Civic Center,1000 Englewood Pkwy,Englewood,CO,80110,111
Englewood Civic Center,1000 Englewood Pkwy,Englewood,CO,80110,112
Englewood Civic Center,1000 Englewood Pkwy,Englewood,CO,80110,113
Englewood Civic Center,1000 Englewood Pkwy,Englewood,CO,80110,114
Englewood Civic Center,1000 Englewood Pkwy,Englewood,CO,80110,115
Englewood Civic Center,1000 Englewood Pkwy,Englewood,CO,80110,116
Englewood Civic Center,1000 Englewood Pkwy,Englewood,CO,80110,117
Englewood Civic Center,1000 Englewood Pkwy,Englewood,CO,80110,118
Englewood Civic Center,1000 Englewood Pkwy,Englewood,CO,80110,119
Englewood Civic Center,1000 Englewood Pkwy,Englewood,CO,80110,120
Englewood Civic Center,1000 Englewood Pkwy,Englewood,CO,80110,121
Englewood Civic Center,1000 Englewood Pkwy,Englewood,CO,80110,123
Englewood Civic Center,1000 Englewood Pkwy,Englewood,CO,80110,124
Englewood Civic Center,1000 Englewood Pkwy,Englewood,CO,80110,125
Englewood Civic Center,1000 Englewood Pkwy,Englewood,CO,80110,128
Englewood Civic Center,1000 Englewood Pkwy,Englewood,CO,80110,129
Englewood Civic Center,1000 Englewood Pkwy,Englewood,CO,80110,130
Englewood Civic Center,1000 Englewood Pkwy,Englewood,CO,80110,131
Englewood Civic Center,1000 Englewood Pkwy,Englewood,CO,80110,132
Englewood Civic Center,1000 Englewood Pkwy,Englewood,CO,80110,133
Englewood Civic Center,1000 Englewood Pkwy,Englewood,CO,80110,134
Englewood Civic Center,1000 Englewood Pkwy,Englewood,CO,80110,198
Englewood Civic Center,1000 Englewood Pkwy,Englewood,CO,80110,201
Greenwood Village City Hall,6060 S Quebec St,Greenwood Village,CO,80111,135
Greenwood Village City Hall,6060 S Quebec St,Greenwood Village,CO,80111,136
Greenwood Village City Hall,6060 S Quebec St,Greenwood Village,CO,80111,224
Greenwood Village City Hall,6060 S Quebec St,Greenwood Village,CO,80111,226
Greenwood Village City Hall,6060 S Quebec St,Greenwood Village,CO,80111,227
Greenwood Village City Hall,6060 S Quebec St,Greenwood Village,CO,80111,228
Greenwood Village City Hall,6060 S Quebec St,Greenwood Village,CO,80111,229
Greenwood Village City Hall,6060 S Quebec St,Greenwood Village,CO,80111,230
Greenwood Village City Hall,6060 S Quebec St,Greenwood Village,CO,80111,231
Greenwood Village City Hall,6060 S Quebec St,Greenwood Village,CO,80111,232
Greenwood Village City Hall,6060 S Quebec St,Greenwood Village,CO,80111,233
Greenwood Village City Hall,6060 S Quebec St,Greenwood Village,CO,80111,234
Greenwood Village City Hall,6060 S Quebec St,Greenwood Village,CO,80111,247
Greenwood Village City Hall,6060 S Quebec St,Greenwood Village,CO,80111,248
Greenwood Village City Hall,6060 S Quebec St,Greenwood Village,CO,80111,249
Greenwood Village City Hall,6060 S Quebec St,Greenwood Village,CO,80111,250
Greenwood Village City Hall,6060 S Quebec St,Greenwood Village,CO,80111,251
Greenwood Village City Hall,6060 S Quebec St,Greenwood Village,CO,80111,252
Greenwood Village City Hall,6060 S Quebec St,Greenwood Village,CO,80111,253
Greenwood Village City Hall,6060 S Quebec St,Greenwood Village,CO,80111,254
Greenwood Village City Hall,6060 S Quebec St,Greenwood Village,CO,80111,255
Greenwood Village City Hall,6060 S Quebec St,Greenwood Village,CO,80111,258
Greenwood Village City Hall,6060 S Quebec St,Greenwood Village,CO,80111,269
Greenwood Village City Hall,6060 S Quebec St,Greenwood Village,CO,80111,270
Greenwood Village City Hall,6060 S Quebec St,Greenwood Village,CO,80111,271
Greenwood Village City Hall,6060 S Quebec St,Greenwood Village,CO,80111,272
Greenwood Village City Hall,6060 S Quebec St,Greenwood Village,CO,80111,273
Greenwood Village City Hall,6060 S Quebec St,Greenwood Village,CO,80111,424
Greenwood Village City Hall,6060 S Quebec St,Greenwood Village,CO,80111,448
Heather Gardens,2888 S Heather Gardens Way,Aurora,CO,80014,416
Heather Gardens,2888 S Heather Gardens Way,Aurora,CO,80014,417
Heather Gardens,2888 S Heather Gardens Way,Aurora,CO,80014,418
Heather Gardens,2888 S Heather Gardens Way,Aurora,CO,80014,420
Heather Gardens,2888 S Heather Gardens Way,Aurora,CO,80014,421
Heather Gardens,2888 S Heather Gardens Way,Aurora,CO,80014,422
Heather Gardens,2888 S Heather Gardens Way,Aurora,CO,80014,423
Heather Gardens,2888 S Heather Gardens Way,Aurora,CO,80014,425
Heather Gardens,2888 S Heather Gardens Way,Aurora,CO,80014,427
Heather Gardens,2888 S Heather Gardens Way,Aurora,CO,80014,428
Heather Gardens,2888 S Heather Gardens Way,Aurora,CO,80014,429
Heather Gardens,2888 S Heather Gardens Way,Aurora,CO,80014,430
Heather Gardens,2888 S Heather Gardens Way,Aurora,CO,80014,431
Heather Gardens,2888 S Heather Gardens Way,Aurora,CO,80014,432
Heather Gardens,2888 S Heather Gardens Way,Aurora,CO,80014,433
Heather Gardens,2888 S Heather Gardens Way,Aurora,CO,80014,434
Heather Gardens,2888 S Heather Gardens Way,Aurora,CO,80014,436
Heather Gardens,2888 S Heather Gardens Way,Aurora,CO,80014,518
Heather Gardens,2888 S Heather Gardens Way,Aurora,CO,80014,519
Heather Gardens,2888 S Heather Gardens Way,Aurora,CO,80014,520
Heather Gardens,2888 S Heather Gardens Way,Aurora,CO,80014,521
Heather Gardens,2888 S Heather Gardens Way,Aurora,CO,80014,532
Heather Gardens,2888 S Heather Gardens Way,Aurora,CO,80014,533
Heather Gardens,2888 S Heather Gardens Way,Aurora,CO,80014,534
Heather Gardens,2888 S Heather Gardens Way,Aurora,CO,80014,535
Heather Gardens,2888 S Heather Gardens Way,Aurora,CO,80014,536
Heather Gardens,2888 S Heather Gardens Way,Aurora,CO,80014,542
Kelver Library,585 S Main St,Byers,CO,80103,363
Kelver Library,585 S Main St,Byers,CO,80103,364
Kelver Library,585 S Main St,Byers,CO,80103,365
Mission Viejo Library,15324 E Hampden Cir,Aurora,CO,80013,551
Mission Viejo Library,15324 E Hampden Cir,Aurora,CO,80013,552
Mission Viejo Library,15324 E Hampden Cir,Aurora,CO,80013,553
Mission Viejo Library,15324 E Hampden Cir,Aurora,CO,80013,555
Mission Viejo Library,15324 E Hampden Cir,Aurora,CO,80013,559
Parkside Village Retirement Resort,14501 E Crestline Dr,Aurora,CO,80015,502
Parkside Village Retirement Resort,14501 E Crestline Dr,Aurora,CO,80015,561
Parkside Village Retirement Resort,14501 E Crestline Dr,Aurora,CO,80015,563
Pickens Technical College,500 Airport Blvd Bldg E,Aurora,CO,80011,512
Pickens Technical College,500 Airport Blvd Bldg E,Aurora,CO,80011,522
Pickens Technical College,500 Airport Blvd Bldg E,Aurora,CO,80011,523
Pickens Technical College,500 Airport Blvd Bldg E,Aurora,CO,80011,524
Pickens Technical College,500 Airport Blvd Bldg E,Aurora,CO,80011,525
Pickens Technical College,500 Airport Blvd Bldg E,Aurora,CO,80011,526
Smoky Hill Library,5430 S Biscay Cir,Centennial,CO,80015,206
Smoky Hill Library,5430 S Biscay Cir,Centennial,CO,80015,207
Smoky Hill Library,5430 S Biscay Cir,Centennial,CO,80015,213
Smoky Hill Library,5430 S Biscay Cir,Centennial,CO,80015,215
Smoky Hill Library,5430 S Biscay Cir,Centennial,CO,80015,216
Smoky Hill Library,5430 S Biscay Cir,Centennial,CO,80015,243
Smoky Hill Library,5430 S Biscay Cir,Centennial,CO,80015,244
Smoky Hill Library,5430 S Biscay Cir,Centennial,CO,80015,245
Smoky Hill Library,5430 S Biscay Cir,Centennial,CO,80015,246
Smoky Hill Library,5430 S Biscay Cir,Centennial,CO,80015,256
Smoky Hill Library,5430 S Biscay Cir,Centennial,CO,80015,257
Smoky Hill Library,5430 S Biscay Cir,Centennial,CO,80015,259
Smoky Hill Library,5430 S Biscay Cir,Centennial,CO,80015,260
Smoky Hill Library,5430 S Biscay Cir,Centennial,CO,80015,261
Smoky Hill Library,5430 S Biscay Cir,Centennial,CO,80015,262
Smoky Hill Library,5430 S Biscay Cir,Centennial,CO,80015,263
Smoky Hill Library,5430 S Biscay Cir,Centennial,CO,80015,264
Smoky Hill Library,5430 S Biscay Cir,Centennial,CO,80015,274
Smoky Hill Library,5430 S Biscay Cir,Centennial,CO,80015,275
Smoky Hill Library,5430 S Biscay Cir,Centennial,CO,80015,278
Smoky Hill Library,5430 S Biscay Cir,Centennial,CO,80015,281
Smoky Hill Library,5430 S Biscay Cir,Centennial,CO,80015,282
Smoky Hill Library,5430 S Biscay Cir,Centennial,CO,80015,284
Smoky Hill Library,5430 S Biscay Cir,Centennial,CO,80015,285
Smoky Hill Library,5430 S Biscay Cir,Centennial,CO,80015,286
Smoky Hill Library,5430 S Biscay Cir,Centennial,CO,80015,287
Smoky Hill Library,5430 S Biscay Cir,Centennial,CO,80015,288
Southglenn Library,6972 S Vine St,Centennial,CO,80122,127
Southglenn Library,6972 S Vine St,Centennial,CO,80122,140
Southglenn Library,6972 S Vine St,Centennial,CO,80122,145
Southglenn Library,6972 S Vine St,Centennial,CO,80122,180
Southglenn Library,6972 S Vine St,Centennial,CO,80122,182
Southglenn Library,6972 S Vine St,Centennial,CO,80122,183
Southglenn Library,6972 S Vine St,Centennial,CO,80122,184
Southglenn Library,6972 S Vine St,Centennial,CO,80122,185
Southglenn Library,6972 S Vine St,Centennial,CO,80122,186
Southglenn Library,6972 S Vine St,Centennial,CO,80122,187
Southglenn Library,6972 S Vine St,Centennial,CO,80122,188
Southglenn Library,6972 S Vine St,Centennial,CO,80122,189
Southglenn Library,6972 S Vine St,Centennial,CO,80122,190
Southglenn Library,6972 S Vine St,Centennial,CO,80122,193
Southglenn Library,6972 S Vine St,Centennial,CO,80122,194
Southglenn Library,6972 S Vine St,Centennial,CO,80122,195
Southglenn Library,6972 S Vine St,Centennial,CO,80122,196
Southglenn Library,6972 S Vine St,Centennial,CO,80122,197
Southglenn Library,6972 S Vine St,Centennial,CO,80122,202
Southglenn Library,6972 S Vine St,Centennial,CO,80122,203
Southglenn Library,6972 S Vine St,Centennial,CO,80122,204
Southglenn Library,6972 S Vine St,Centennial,CO,80122,208
Tallyns Reach Library,23911 E Arapahoe Rd,Aurora,CO,80016,266
Tallyns Reach Library,23911 E Arapahoe Rd,Aurora,CO,80016,268
Tallyns Reach Library,23911 E Arapahoe Rd,Aurora,CO,80016,349
Tallyns Reach Library,23911 E Arapahoe Rd,Aurora,CO,80016,350
Tallyns Reach Library,23911 E Arapahoe Rd,Aurora,CO,80016,351
Tallyns Reach Library,23911 E Arapahoe Rd,Aurora,CO,80016,352
Tallyns Reach Library,23911 E Arapahoe Rd,Aurora,CO,80016,353
Tallyns Reach Library,23911 E Arapahoe Rd,Aurora,CO,80016,354
Tallyns Reach Library,23911 E Arapahoe Rd,Aurora,CO,80016,355
Tallyns Reach Library,23911 E Arapahoe Rd,Aurora,CO,80016,358
Tallyns Reach Library,23911 E Arapahoe Rd,Aurora,CO,80016,372
Tallyns Reach Library,23911 E Arapahoe Rd,Aurora,CO,80016,373
Tallyns Reach Library,23911 E Arapahoe Rd,Aurora,CO,80016,375
Tallyns Reach Library,23911 E Arapahoe Rd,Aurora,CO,80016,377
Tallyns Reach Library,23911 E Arapahoe Rd,Aurora,CO,80016,378
Tallyns Reach Library,23911 E Arapahoe Rd,Aurora,CO,80016,380
Tallyns Reach Library,23911 E Arapahoe Rd,Aurora,CO,80016,383
Tallyns Reach Library,23911 E Arapahoe Rd,Aurora,CO,80016,384
Tallyns Reach Library,23911 E Arapahoe Rd,Aurora,CO,80016,385
Tallyns Reach Library,23911 E Arapahoe Rd,Aurora,CO,80016,388
Tallyns Reach Library,23911 E Arapahoe Rd,Aurora,CO,80016,562
The Avenue Church,13231 E Mississippi Ave,Aurora,CO,80012,205
The Avenue Church,13231 E Mississippi Ave,Aurora,CO,80012,265
The Avenue Church,13231 E Mississippi Ave,Aurora,CO,80012,267
The Avenue Church,13231 E Mississippi Ave,Aurora,CO,80012,276
The Avenue Church,13231 E Mississippi Ave,Aurora,CO,80012,277
The Avenue Church,13231 E Mississippi Ave,Aurora,CO,80012,279
The Avenue Church,13231 E Mississippi Ave,Aurora,CO,80012,280
The Avenue Church,13231 E Mississippi Ave,Aurora,CO,80012,283
The Avenue Church,13231 E Mississippi Ave,Aurora,CO,80012,289
The Avenue Church,13231 E Mississippi Ave,Aurora,CO,80012,290
The Avenue Church,13231 E Mississippi Ave,Aurora,CO,80012,301
The Avenue Church,13231 E Mississippi Ave,Aurora,CO,80012,302
The Avenue Church,13231 E Mississippi Ave,Aurora,CO,80012,303
The Avenue Church,13231 E Mississippi Ave,Aurora,CO,80012,304
The Avenue Church,13231 E Mississippi Ave,Aurora,CO,80012,305
The Avenue Church,13231 E Mississippi Ave,Aurora,CO,80012,306
The Avenue Church,13231 E Mississippi Ave,Aurora,CO,80012,307
The Avenue Church,13231 E Mississippi Ave,Aurora,CO,80012,308
The Avenue Church,13231 E Mississippi Ave,Aurora,CO,80012,309
The Avenue Church,13231 E Mississippi Ave,Aurora,CO,80012,310
The Avenue Church,13231 E Mississippi Ave,Aurora,CO,80012,311
The Avenue Church,13231 E Mississippi Ave,Aurora,CO,80012,312
The Avenue Church,13231 E Mississippi Ave,Aurora,CO,80012,313
The Avenue Church,13231 E Mississippi Ave,Aurora,CO,80012,314
The Avenue Church,13231 E Mississippi Ave,Aurora,CO,80012,315
The Avenue Church,13231 E Mississippi Ave,Aurora,CO,80012,316
The Avenue Church,13231 E Mississippi Ave,Aurora,CO,80012,317
The Avenue Church,13231 E Mississippi Ave,Aurora,CO,80012,318
The Avenue Church,13231 E Mississippi Ave,Aurora,CO,80012,319
The Avenue Church,13231 E Mississippi Ave,Aurora,CO,80012,320
The Avenue Church,13231 E Mississippi Ave,Aurora,CO,80012,321
The Avenue Church,13231 E Mississippi Ave,Aurora,CO,80012,322
The Avenue Church,13231 E Mississippi Ave,Aurora,CO,80012,327
The Avenue Church,13231 E Mississippi Ave,Aurora,CO,80012,329
The Avenue Church,13231 E Mississippi Ave,Aurora,CO,80012,330
The Avenue Church,13231 E Mississippi Ave,Aurora,CO,80012,332
The Avenue Church,13231 E Mississippi Ave,Aurora,CO,80012,333
The Avenue Church,13231 E Mississippi Ave,Aurora,CO,80012,334
The Avenue Church,13231 E Mississippi Ave,Aurora,CO,80012,335
The Avenue Church,13231 E Mississippi Ave,Aurora,CO,80012,336
The Avenue Church,13231 E Mississippi Ave,Aurora,CO,80012,337
The Avenue Church,13231 E Mississippi Ave,Aurora,CO,80012,338
The Avenue Church,13231 E Mississippi Ave,Aurora,CO,80012,339
The Avenue Church,13231 E Mississippi Ave,Aurora,CO,80012,340
The Avenue Church,13231 E Mississippi Ave,Aurora,CO,80012,341
The Avenue Church,13231 E Mississippi Ave,Aurora,CO,80012,342
The Avenue Church,13231 E Mississippi Ave,Aurora,CO,80012,343
The Avenue Church,13231 E Mississippi Ave,Aurora,CO,80012,344
The Avenue Church,13231 E Mississippi Ave,Aurora,CO,80012,368
The Avenue Church,13231 E Mississippi Ave,Aurora,CO,80012,369
The Avenue Church,13231 E Mississippi Ave,Aurora,CO,80012,370
The Avenue Church,13231 E Mississippi Ave,Aurora,CO,80012,371
The Avenue Church,13231 E Mississippi Ave,Aurora,CO,80012,379
The Avenue Church,13231 E Mississippi Ave,Aurora,CO,80012,382
The Avenue Church,13231 E Mississippi Ave,Aurora,CO,80012,386
The Avenue Church,13231 E Mississippi Ave,Aurora,CO,80012,387
The Avenue Church,13231 E Mississippi Ave,Aurora,CO,80012,389
The Avenue Church,13231 E Mississippi Ave,Aurora,CO,80012,449
The Avenue Church,13231 E Mississippi Ave,Aurora,CO,80012,450
The Avenue Church,13231 E Mississippi Ave,Aurora,CO,80012,452
The Avenue Church,13231 E Mississippi Ave,Aurora,CO,80012,454
The Avenue Church,13231 E Mississippi Ave,Aurora,CO,80012,455
The Avenue Church,13231 E Mississippi Ave,Aurora,CO,80012,456
The Avenue Church,13231 E Mississippi Ave,Aurora,CO,80012,457
The Avenue Church,13231 E Mississippi Ave,Aurora,CO,80012,458
The Avenue Church,13231 E Mississippi Ave,Aurora,CO,80012,459
The Avenue Church,13231 E Mississippi Ave,Aurora,CO,80012,473
The Avenue Church,13231 E Mississippi Ave,Aurora,CO,80012,501
The Avenue Church,13231 E Mississippi Ave,Aurora,CO,80012,556
The Avenue Church,13231 E Mississippi Ave,Aurora,CO,80012,557
