VSPC_Name,Address,City,State,ZIP
Arapahoe Community College,5900 S Santa Fe Dr,Littleton,CO,80120
Arapahoe Community College,5900 S Santa Fe Dr,Littleton,CO,80120
Arapahoe Community College,5900 S Santa Fe Dr,Littleton,CO,80120
Arapahoe Community College,5900 S Santa Fe Dr,Littleton,CO,80120
Arapahoe Community College,5900 S Santa Fe Dr,Littleton,CO,80120
Arapahoe Community College,5900 S Santa Fe Dr,Littleton,CO,80120
Arapahoe Community College,5900 S Santa Fe Dr,Littleton,CO,80120
Arapahoe Community College,5900 S Santa Fe Dr,Littleton,CO,80120
Arapahoe Community College,5900 S Santa Fe Dr,Littleton,CO,80120
Arapahoe Community College,5900 S Santa Fe Dr,Littleton,CO,80120
Arapahoe Community College,5900 S Santa Fe Dr,Littleton,CO,80120
Arapahoe Community College,5900 S Santa Fe Dr,Littleton,CO,80120
Arapahoe Community College,5900 S Santa Fe Dr,Littleton,CO,80120
Arapahoe Community College,5900 S Santa Fe Dr,Littleton,CO,80120
Arapahoe Community College,5900 S Santa Fe Dr,Littleton,CO,80120
Arapahoe Community College,5900 S Santa Fe Dr,Littleton,CO,80120
Arapahoe Community College,5900 S Santa Fe Dr,Littleton,CO,80120
Arapahoe Community College,5900 S Santa Fe Dr,Littleton,CO,80120
Arapahoe Community College,5900 S Santa Fe Dr,Littleton,CO,80120
Arapahoe County CentrePoint Plaza,14980 E Alameda Dr,Aurora,CO,80012
Arapahoe County Fairgrounds,25690 E Quincy Ave,Aurora,CO,80016
Arapahoe County Fairgrounds,25690 E Quincy Ave,Aurora,CO,80016
Arapahoe County Fairgrounds,25690 E Quincy Ave,Aurora,CO,80016
Arapahoe County Fairgrounds,25690 E Quincy Ave,Aurora,CO,80016
Arapahoe County Fairgrounds,25690 E Quincy Ave,Aurora,CO,80016
Arapahoe County Fairgrounds,25690 E Quincy Ave,Aurora,CO,80016
Arapahoe County Fairgrounds,25690 E Quincy Ave,Aurora,CO,80016
Arapahoe County Lima Plaza,6954 S Lima St,Centennial,CO,80112
Arapahoe County Lima Plaza,6954 S Lima St,Centennial,CO,80112
Arapahoe County Lima Plaza,6954 S Lima St,Centennial,CO,80112
Arapahoe County Lima Plaza,6060 S Quebec St,Greenwood Village,CO,80111
Arapahoe County Lima Plaza,6954 S Lima St,Centennial,CO,80112
Arapahoe County Lima Plaza,6954 S Lima St,Centennial,CO,80112
Arapahoe County Lima Plaza,6954 S Lima St,Centennial,CO,80112
Arapahoe County Lima Plaza,6954 S Lima St,Centennial,CO,80112
Arapahoe County Lima Plaza,6954 S Lima St,Centennial,CO,80112
Arapahoe County Lima Plaza,6954 S Lima St,Centennial,CO,80112
Arapahoe County Lima Plaza,6954 S Lima St,Centennial,CO,80112
Arapahoe County Lima Plaza,6954 S Lima St,Centennial,CO,80112
Aurora Center for Active Adults,30 Del Mar Cir,Aurora,CO,80011
Aurora Center for Active Adults,30 Del Mar Cir,Aurora,CO,80011
Aurora Center for Active Adults,30 Del Mar Cir,Aurora,CO,80011
Aurora Center for Active Adults,30 Del Mar Cir,Aurora,CO,80011
Aurora Center for Active Adults,30 Del Mar Cir,Aurora,CO,80011
Aurora Center for Active Adults,30 Del Mar Cir,Aurora,CO,80011
Aurora Center for Active Adults,30 Del Mar Cir,Aurora,CO,80011
Aurora Center for Active Adults,30 Del Mar Cir,Aurora,CO,80011
Aurora Center for Active Adults,30 Del Mar Cir,Aurora,CO,80011
Aurora Center for Active Adults,30 Del Mar Cir,Aurora,CO,80011
Aurora Center for Active Adults,30 Del Mar Cir,Aurora,CO,80011
Aurora Center for Active Adults,30 Del Mar Cir,Aurora,CO,80011
Aurora Public Schools Educational Service Center 4,1085 Peoria St,Aurora,CO,80011
Aurora Public Schools Educational Service Center 4,1085 Peoria St,Aurora,CO,80011
Aurora Public Schools Professional Learning & Conference Center,15771 E 1st Ave,Aurora,CO,80011
Aurora Public Schools Professional Learning & Conference Center,15771 E 1st Ave,Aurora,CO,80011
Beck Recreation Center,800 Telluride St,Aurora,CO,80011
Beck Recreation Center,800 Telluride St,Aurora,CO,80011
Beck Recreation Center,2888 S Heather Gardens Way,Aurora,CO,80014
Beck Recreation Center,800 Telluride St,Aurora,CO,80011
Bemis Public Library,6014 S Datura St,Littleton,CO,80120
Bemis Public Library,6014 S Datura St,Littleton,CO,80120
Bemis Public Library,6014 S Datura St,Littleton,CO,80120
Bemis Public Library,6014 S Datura St,Littleton,CO,80120
Bemis Public Library,6014 S Datura St,Littleton,CO,80120
Bemis Public Library,6014 S Datura St,Littleton,CO,80120
Bemis Public Library,6014 S Datura St,Littleton,CO,80120
Bemis Public Library,6014 S Datura St,Littleton,CO,80120
Bemis Public Library,6014 S Datura St,Littleton,CO,80120
Bemis Public Library,6014 S Datura St,Littleton,CO,80120
Bemis Public Library,6014 S Datura St,Littleton,CO,80120
Bemis Public Library,6014 S Datura St,Littleton,CO,80120
Bemis Public Library,6014 S Datura St,Littleton,CO,80120
Bemis Public Library,6014 S Datura St,Littleton,CO,80120
Bemis Public Library,6014 S Datura St,Littleton,CO,80120
Central Recreation Center,18150 E Vassar Pl,Aurora,CO,80013
Cherry Creek School District Instructional Support Facility,5416 S Riviera Way,Centennial,CO,80112
Cherry Creek School District Instructional Support Facility,5416 S Riviera Way,Centennial,CO,80112
Cherry Creek School District Instructional Support Facility,5416 S Riviera Way,Centennial,CO,80112
Cherry Creek School District Instructional Support Facility,5416 S Riviera Way,Centennial,CO,80112
Cherry Creek School District Instructional Support Facility,5416 S Riviera Way,Centennial,CO,80112
Cherry Creek School District Instructional Support Facility,5416 S Riviera Way,Centennial,CO,80112
Cherry Creek School District Instructional Support Facility,5416 S Riviera Way,Centennial,CO,80112
Cherry Creek School District Instructional Support Facility,5416 S Riviera Way,Centennial,CO,80112
Cherry Creek School District Instructional Support Facility,5416 S Riviera Way,Centennial,CO,80112
Cherry Creek School District Instructional Support Facility,5416 S Riviera Way,Centennial,CO,80112
Cherry Creek School District Instructional Support Facility,5416 S Riviera Way,Centennial,CO,80112
Cherry Creek School District Instructional Support Facility,5416 S Riviera Way,Centennial,CO,80112
Cherry Creek School District Instructional Support Facility,5416 S Riviera Way,Centennial,CO,80112
Cherry Creek School District Instructional Support Facility,5416 S Riviera Way,Centennial,CO,80112
Cherry Creek School District Instructional Support Facility,5416 S Riviera Way,Centennial,CO,80112
Cherry Creek School District Instructional Support Facility,5416 S Riviera Way,Centennial,CO,80112
City of Aurora Municipal Center,15151 E Alameda Pkwy,Aurora,CO,80012
City of Aurora Municipal Center,15151 E Alameda Pkwy,Aurora,CO,80012
City of Aurora Municipal Center,15151 E Alameda Pkwy,Aurora,CO,80012
City of Aurora Municipal Center,15151 E Alameda Pkwy,Aurora,CO,80012
City of Aurora Municipal Center,15151 E Alameda Pkwy,Aurora,CO,80012
City of Aurora Municipal Center,15151 E Alameda Pkwy,Aurora,CO,80012
City of Aurora Municipal Center,15151 E Alameda Pkwy,Aurora,CO,80012
City of Aurora Municipal Center,15151 E Alameda Pkwy,Aurora,CO,80012
City of Aurora Municipal Center,15151 E Alameda Pkwy,Aurora,CO,80012
City of Aurora Municipal Center,15151 E Alameda Pkwy,Aurora,CO,80012
City of Aurora Municipal Center,15151 E Alameda Pkwy,Aurora,CO,80012
City of Aurora Municipal Center,15151 E Alameda Pkwy,Aurora,CO,80012
City of Aurora Municipal Center,15151 E Alameda Pkwy,Aurora,CO,80012
City of Aurora Municipal Center,15151 E Alameda Pkwy,Aurora,CO,80012
City of Aurora Municipal Center,15151 E Alameda Pkwy,Aurora,CO,80012
City of Aurora Municipal Center,15151 E Alameda Pkwy,Aurora,CO,80012
City of Aurora Municipal Center,15151 E Alameda Pkwy,Aurora,CO,80012
City of Aurora Municipal Center,15151 E Alameda Pkwy,Aurora,CO,80012
City of Aurora Municipal Center,15151 E Alameda Pkwy,Aurora,CO,80012
City of Aurora Municipal Center,15151 E Alameda Pkwy,Aurora,CO,80012
City of Aurora Municipal Center,15151 E Alameda Pkwy,Aurora,CO,80012
City of Aurora Municipal Center,15151 E Alameda Pkwy,Aurora,CO,80012
City of Aurora Municipal Center,15151 E Alameda Pkwy,Aurora,CO,80012
City of Aurora Municipal Center,15151 E Alameda Pkwy,Aurora,CO,80012
City of Aurora Municipal Center,15151 E Alameda Pkwy,Aurora,CO,80012
City of Aurora Municipal Center,15151 E Alameda Pkwy,Aurora,CO,80012
City of Aurora Municipal Center,15151 E Alameda Pkwy,Aurora,CO,80012
City of Aurora Municipal Center,15151 E Alameda Pkwy,Aurora,CO,80012
City of Aurora Municipal Center,15151 E Alameda Pkwy,Aurora,CO,80012
City of Aurora Municipal Center,15151 E Alameda Pkwy,Aurora,CO,80012
City of Aurora Municipal Center,15151 E Alameda Pkwy,Aurora,CO,80012
City of Aurora Municipal Center,15151 E Alameda Pkwy,Aurora,CO,80012
City of Sheridan Municipal Building,6014 S Datura St,Littleton,CO,80120
City of Sheridan Municipal Building,6014 S Datura St,Littleton,CO,80120
City of Sheridan Municipal Building,6014 S Datura St,Littleton,CO,80120
City of Sheridan Municipal Building,4101 S Federal Blvd,Sheridan,CO,80110
City of Sheridan Municipal Building,4101 S Federal Blvd,Sheridan,CO,80110
City of Sheridan Municipal Building,4101 S Federal Blvd,Sheridan,CO,80110
City of Sheridan Municipal Building,4101 S Federal Blvd,Sheridan,CO,80110
City of Sheridan Municipal Building,1000 Englewood Pkwy,Englewood,CO,80110
City of Sheridan Municipal Building,1000 Englewood Pkwy,Englewood,CO,80110
City of Sheridan Municipal Building,1000 Englewood Pkwy,Englewood,CO,80110
City of Sheridan Municipal Building,1000 Englewood Pkwy,Englewood,CO,80110
City of Sheridan Municipal Building,4101 S Federal Blvd,Sheridan,CO,80110
Community College of Aurora CentreTech Campus,16000 E CentreTech Pkwy,Aurora,CO,80011
Community College of Aurora CentreTech Campus,16000 E CentreTech Pkwy,Aurora,CO,80011
Community College of Aurora CentreTech Campus,2888 S Heather Gardens Way,Aurora,CO,80014
Cook Park Recreation Center,7100 Cherry Creek S Dr,Denver,CO,80224
Cook Park Recreation Center,7100 Cherry Creek S Dr,Denver,CO,80224
Cook Park Recreation Center,7100 Cherry Creek S Dr,Denver,CO,80224
Cook Park Recreation Center,7100 Cherry Creek S Dr,Denver,CO,80224
Cook Park Recreation Center,7100 Cherry Creek S Dr,Denver,CO,80224
Cook Park Recreation Center,7100 Cherry Creek S Dr,Denver,CO,80224
Cook Park Recreation Center,7100 Cherry Creek S Dr,Denver,CO,80224
Cook Park Recreation Center,7100 Cherry Creek S Dr,Denver,CO,80224
Cook Park Recreation Center,7100 Cherry Creek S Dr,Denver,CO,80224
Cook Park Recreation Center,7100 Cherry Creek S Dr,Denver,CO,80224
Cook Park Recreation Center,7100 Cherry Creek S Dr,Denver,CO,80224
Cook Park Recreation Center,7100 Cherry Creek S Dr,Denver,CO,80224
Cook Park Recreation Center,7100 Cherry Creek S Dr,Denver,CO,80224
Cook Park Recreation Center,7100 Cherry Creek S Dr,Denver,CO,80224
Cook Park Recreation Center,7100 Cherry Creek S Dr,Denver,CO,80224
Cook Park Recreation Center,7100 Cherry Creek S Dr,Denver,CO,80224
Cook Park Recreation Center,7100 Cherry Creek S Dr,Denver,CO,80224
Cook Park Recreation Center,7100 Cherry Creek S Dr,Denver,CO,80224
Cook Park Recreation Center,7100 Cherry Creek S Dr,Denver,CO,80224
Cook Park Recreation Center,7100 Cherry Creek S Dr,Denver,CO,80224
Cook Park Recreation Center,7100 Cherry Creek S Dr,Denver,CO,80224
Englewood Civic Center,1000 Englewood Pkwy,Englewood,CO,80110
Englewood Civic Center,1000 Englewood Pkwy,Englewood,CO,80110
Englewood Civic Center,1000 Englewood Pkwy,Englewood,CO,80110
Englewood Civic Center,1000 Englewood Pkwy,Englewood,CO,80110
Englewood Civic Center,1000 Englewood Pkwy,Englewood,CO,80110
Englewood Civic Center,1000 Englewood Pkwy,Englewood,CO,80110
Englewood Civic Center,1000 Englewood Pkwy,Englewood,CO,80110
Englewood Civic Center,1000 Englewood Pkwy,Englewood,CO,80110
Englewood Civic Center,1000 Englewood Pkwy,Englewood,CO,80110
Englewood Civic Center,1000 Englewood Pkwy,Englewood,CO,80110
Englewood Civic Center,1000 Englewood Pkwy,Englewood,CO,80110
Englewood Civic Center,1000 Englewood Pkwy,Englewood,CO,80110
Englewood Civic Center,1000 Englewood Pkwy,Englewood,CO,80110
Englewood Civic Center,1000 Englewood Pkwy,Englewood,CO,80110
Englewood Civic Center,1000 Englewood Pkwy,Englewood,CO,80110
Englewood Civic Center,1000 Englewood Pkwy,Englewood,CO,80110
Englewood Civic Center,1000 Englewood Pkwy,Englewood,CO,80110
Englewood Civic Center,1000 Englewood Pkwy,Englewood,CO,80110
Englewood Civic Center,1000 Englewood Pkwy,Englewood,CO,80110
Englewood Civic Center,1000 Englewood Pkwy,Englewood,CO,80110
Englewood Civic Center,1000 Englewood Pkwy,Englewood,CO,80110
Englewood Civic Center,1000 Englewood Pkwy,Englewood,CO,80110
Englewood Civic Center,1000 Englewood Pkwy,Englewood,CO,80110
Englewood Civic Center,1000 Englewood Pkwy,Englewood,CO,80110
Englewood Civic Center,1000 Englewood Pkwy,Englewood,CO,80110
Greenwood Village City Hall,6060 S Quebec St,Greenwood Village,CO,80111
Greenwood Village City Hall,6060 S Quebec St,Greenwood Village,CO,80111
Greenwood Village City Hall,6060 S Quebec St,Greenwood Village,CO,80111
Greenwood Village City Hall,6060 S Quebec St,Greenwood Village,CO,80111
Greenwood Village City Hall,6060 S Quebec St,Greenwood Village,CO,80111
Greenwood Village City Hall,6060 S Quebec St,Greenwood Village,CO,80111
Greenwood Village City Hall,6060 S Quebec St,Greenwood Village,CO,80111
Greenwood Village City Hall,6060 S Quebec St,Greenwood Village,CO,80111
Greenwood Village City Hall,6060 S Quebec St,Greenwood Village,CO,80111
Greenwood Village City Hall,6060 S Quebec St,Greenwood Village,CO,80111
Greenwood Village City Hall,6060 S Quebec St,Greenwood Village,CO,80111
Greenwood Village City Hall,6060 S Quebec St,Greenwood Village,CO,80111
Greenwood Village City Hall,6060 S Quebec St,Greenwood Village,CO,80111
Greenwood Village City Hall,6060 S Quebec St,Greenwood Village,CO,80111
Greenwood Village City Hall,6060 S Quebec St,Greenwood Village,CO,80111
Greenwood Village City Hall,6060 S Quebec St,Greenwood Village,CO,80111
Greenwood Village City Hall,6060 S Quebec St,Greenwood Village,CO,80111
Greenwood Village City Hall,6060 S Quebec St,Greenwood Village,CO,80111
Greenwood Village City Hall,6060 S Quebec St,Greenwood Village,CO,80111
Greenwood Village City Hall,6060 S Quebec St,Greenwood Village,CO,80111
Greenwood Village City Hall,6060 S Quebec St,Greenwood Village,CO,80111
Greenwood Village City Hall,6060 S Quebec St,Greenwood Village,CO,80111
Greenwood Village City Hall,6060 S Quebec St,Greenwood Village,CO,80111
Greenwood Village City Hall,6060 S Quebec St,Greenwood Village,CO,80111
Greenwood Village City Hall,6060 S Quebec St,Greenwood Village,CO,80111
Greenwood Village City Hall,6060 S Quebec St,Greenwood Village,CO,80111
Greenwood Village City Hall,6060 S Quebec St,Greenwood Village,CO,80111
Greenwood Village City Hall,6060 S Quebec St,Greenwood Village,CO,80111
Heather Gardens,2888 S Heather Gardens Way,Aurora,CO,80014
Heather Gardens,2888 S Heather Gardens Way,Aurora,CO,80014
Heather Gardens,2888 S Heather Gardens Way,Aurora,CO,80014
Heather Gardens,2888 S Heather Gardens Way,Aurora,CO,80014
Heather Gardens,2888 S Heather Gardens Way,Aurora,CO,80014
Heather Gardens,2888 S Heather Gardens Way,Aurora,CO,80014
Heather Gardens,2888 S Heather Gardens Way,Aurora,CO,80014
Heather Gardens,2888 S Heather Gardens Way,Aurora,CO,80014
Heather Gardens,2888 S Heather Gardens Way,Aurora,CO,80014
Heather Gardens,2888 S Heather Gardens Way,Aurora,CO,80014
Heather Gardens,2888 S Heather Gardens Way,Aurora,CO,80014
Heather Gardens,2888 S Heather Gardens Way,Aurora,CO,80014
Heather Gardens,2888 S Heather Gardens Way,Aurora,CO,80014
Heather Gardens,2888 S Heather Gardens Way,Aurora,CO,80014
Heather Gardens,2888 S Heather Gardens Way,Aurora,CO,80014
Heather Gardens,2888 S Heather Gardens Way,Aurora,CO,80014
Heather Gardens,2888 S Heather Gardens Way,Aurora,CO,80014
Heather Gardens,2888 S Heather Gardens Way,Aurora,CO,80014
Heather Gardens,2888 S Heather Gardens Way,Aurora,CO,80014
Heather Gardens,2888 S Heather Gardens Way,Aurora,CO,80014
Heather Gardens,2888 S Heather Gardens Way,Aurora,CO,80014
Heather Gardens,2888 S Heather Gardens Way,Aurora,CO,80014
Kelver Library,585 S Main St,Byers,CO,80103
Kelver Library,585 S Main St,Byers,CO,80103
Kelver Library,585 S Main St,Byers,CO,80103
Mission Viejo Library,15324 E Hampden Cir,Aurora,CO,80013
Mission Viejo Library,15324 E Hampden Cir,Aurora,CO,80013
Mission Viejo Library,15324 E Hampden Cir,Aurora,CO,80013
Mission Viejo Library,15151 E Alameda Pkwy,Aurora,CO,80012
Mission Viejo Library,15151 E Alameda Pkwy,Aurora,CO,80012
Mission Viejo Library,15151 E Alameda Pkwy,Aurora,CO,80012
Mission Viejo Library,15151 E Alameda Pkwy,Aurora,CO,80012
Mission Viejo Library,15324 E Hampden Cir,Aurora,CO,80013
Mission Viejo Library,15151 E Alameda Pkwy,Aurora,CO,80012
Mission Viejo Library,15324 E Hampden Cir,Aurora,CO,80013
Mission Viejo Library,15151 E Alameda Pkwy,Aurora,CO,80012
Mission Viejo Library,15151 E Alameda Pkwy,Aurora,CO,80012
Parkside Village Retirement Resort,13231 E Mississippi Ave,Aurora,CO,80012
Parkside Village Retirement Resort,14501 E Crestline Dr,Aurora,CO,80015
Parkside Village Retirement Resort,14501 E Crestline Dr,Aurora,CO,80015
Parkside Village Retirement Resort,14501 E Crestline Dr,Aurora,CO,80015
Pickens Technical College,30 Del Mar Cir,Aurora,CO,80011
Pickens Technical College,30 Del Mar Cir,Aurora,CO,80011
Pickens Technical College,500 Airport Blvd Bldg E,Aurora,CO,80011
Pickens Technical College,500 Airport Blvd Bldg E,Aurora,CO,80011
Pickens Technical College,500 Airport Blvd Bldg E,Aurora,CO,80011
Pickens Technical College,500 Airport Blvd Bldg E,Aurora,CO,80011
Pickens Technical College,500 Airport Blvd Bldg E,Aurora,CO,80011
Pickens Technical College,2888 S Heather Gardens Way,Aurora,CO,80014
Pickens Technical College,2888 S Heather Gardens Way,Aurora,CO,80014
Pickens Technical College,2888 S Heather Gardens Way,Aurora,CO,80014
Pickens Technical College,500 Airport Blvd Bldg E,Aurora,CO,80011
Smoky Hill Library,5430 S Biscay Cir,Centennial,CO,80015
Smoky Hill Library,5430 S Biscay Cir,Centennial,CO,80015
Smoky Hill Library,5430 S Biscay Cir,Centennial,CO,80015
Smoky Hill Library,5430 S Biscay Cir,Centennial,CO,80015
Smoky Hill Library,5430 S Biscay Cir,Centennial,CO,80015
Smoky Hill Library,5430 S Biscay Cir,Centennial,CO,80015
Smoky Hill Library,5430 S Biscay Cir,Centennial,CO,80015
Smoky Hill Library,5430 S Biscay Cir,Centennial,CO,80015
Smoky Hill Library,5430 S Biscay Cir,Centennial,CO,80015
Smoky Hill Library,5430 S Biscay Cir,Centennial,CO,80015
Smoky Hill Library,5430 S Biscay Cir,Centennial,CO,80015
Smoky Hill Library,5430 S Biscay Cir,Centennial,CO,80015
Smoky Hill Library,5430 S Biscay Cir,Centennial,CO,80015
Smoky Hill Library,5430 S Biscay Cir,Centennial,CO,80015
Smoky Hill Library,5430 S Biscay Cir,Centennial,CO,80015
Smoky Hill Library,5430 S Biscay Cir,Centennial,CO,80015
Smoky Hill Library,5430 S Biscay Cir,Centennial,CO,80015
Smoky Hill Library,5430 S Biscay Cir,Centennial,CO,80015
Smoky Hill Library,5430 S Biscay Cir,Centennial,CO,80015
Smoky Hill Library,5430 S Biscay Cir,Centennial,CO,80015
Smoky Hill Library,5430 S Biscay Cir,Centennial,CO,80015
Smoky Hill Library,5430 S Biscay Cir,Centennial,CO,80015
Smoky Hill Library,5430 S Biscay Cir,Centennial,CO,80015
Smoky Hill Library,5430 S Biscay Cir,Centennial,CO,80015
Smoky Hill Library,5430 S Biscay Cir,Centennial,CO,80015
Smoky Hill Library,5430 S Biscay Cir,Centennial,CO,80015
Smoky Hill Library,5430 S Biscay Cir,Centennial,CO,80015
Southglenn Library,6972 S Vine St,Centennial,CO,80122
Southglenn Library,6972 S Vine St,Centennial,CO,80122
Southglenn Library,6972 S Vine St,Centennial,CO,80122
Southglenn Library,6972 S Vine St,Centennial,CO,80122
Southglenn Library,6972 S Vine St,Centennial,CO,80122
Southglenn Library,6972 S Vine St,Centennial,CO,80122
Southglenn Library,6972 S Vine St,Centennial,CO,80122
Southglenn Library,6972 S Vine St,Centennial,CO,80122
Southglenn Library,6972 S Vine St,Centennial,CO,80122
Southglenn Library,6972 S Vine St,Centennial,CO,80122
Southglenn Library,6972 S Vine St,Centennial,CO,80122
Southglenn Library,6972 S Vine St,Centennial,CO,80122
Southglenn Library,6972 S Vine St,Centennial,CO,80122
Southglenn Library,6972 S Vine St,Centennial,CO,80122
Southglenn Library,6972 S Vine St,Centennial,CO,80122
Southglenn Library,6972 S Vine St,Centennial,CO,80122
Southglenn Library,6972 S Vine St,Centennial,CO,80122
Southglenn Library,6972 S Vine St,Centennial,CO,80122
Southglenn Library,6972 S Vine St,Centennial,CO,80122
Southglenn Library,6972 S Vine St,Centennial,CO,80122
Southglenn Library,6972 S Vine St,Centennial,CO,80122
Southglenn Library,6972 S Vine St,Centennial,CO,80122
Tallyns Reach Library,23911 E Arapahoe Rd,Aurora,CO,80016
Tallyns Reach Library,23911 E Arapahoe Rd,Aurora,CO,80016
Tallyns Reach Library,23911 E Arapahoe Rd,Aurora,CO,80016
Tallyns Reach Library,23911 E Arapahoe Rd,Aurora,CO,80016
Tallyns Reach Library,23911 E Arapahoe Rd,Aurora,CO,80016
Tallyns Reach Library,23911 E Arapahoe Rd,Aurora,CO,80016
Tallyns Reach Library,23911 E Arapahoe Rd,Aurora,CO,80016
Tallyns Reach Library,23911 E Arapahoe Rd,Aurora,CO,80016
Tallyns Reach Library,23911 E Arapahoe Rd,Aurora,CO,80016
Tallyns Reach Library,23911 E Arapahoe Rd,Aurora,CO,80016
Tallyns Reach Library,23911 E Arapahoe Rd,Aurora,CO,80016
Tallyns Reach Library,23911 E Arapahoe Rd,Aurora,CO,80016
Tallyns Reach Library,23911 E Arapahoe Rd,Aurora,CO,80016
Tallyns Reach Library,23911 E Arapahoe Rd,Aurora,CO,80016
Tallyns Reach Library,23911 E Arapahoe Rd,Aurora,CO,80016
Tallyns Reach Library,23911 E Arapahoe Rd,Aurora,CO,80016
Tallyns Reach Library,23911 E Arapahoe Rd,Aurora,CO,80016
Tallyns Reach Library,23911 E Arapahoe Rd,Aurora,CO,80016
Tallyns Reach Library,23911 E Arapahoe Rd,Aurora,CO,80016
Tallyns Reach Library,23911 E Arapahoe Rd,Aurora,CO,80016
Tallyns Reach Library,23911 E Arapahoe Rd,Aurora,CO,80016
The Avenue Church,13231 E Mississippi Ave,Aurora,CO,80012
The Avenue Church,13231 E Mississippi Ave,Aurora,CO,80012
The Avenue Church,13231 E Mississippi Ave,Aurora,CO,80012
The Avenue Church,13231 E Mississippi Ave,Aurora,CO,80012
The Avenue Church,13231 E Mississippi Ave,Aurora,CO,80012
The Avenue Church,13231 E Mississippi Ave,Aurora,CO,80012
The Avenue Church,13231 E Mississippi Ave,Aurora,CO,80012
The Avenue Church,13231 E Mississippi Ave,Aurora,CO,80012
The Avenue Church,13231 E Mississippi Ave,Aurora,CO,80012
The Avenue Church,13231 E Mississippi Ave,Aurora,CO,80012
The Avenue Church,13231 E Mississippi Ave,Aurora,CO,80012
The Avenue Church,13231 E Mississippi Ave,Aurora,CO,80012
The Avenue Church,13231 E Mississippi Ave,Aurora,CO,80012
The Avenue Church,13231 E Mississippi Ave,Aurora,CO,80012
The Avenue Church,13231 E Mississippi Ave,Aurora,CO,80012
The Avenue Church,13231 E Mississippi Ave,Aurora,CO,80012
The Avenue Church,13231 E Mississippi Ave,Aurora,CO,80012
The Avenue Church,13231 E Mississippi Ave,Aurora,CO,80012
The Avenue Church,13231 E Mississippi Ave,Aurora,CO,80012
The Avenue Church,13231 E Mississippi Ave,Aurora,CO,80012
The Avenue Church,13231 E Mississippi Ave,Aurora,CO,80012
The Avenue Church,13231 E Mississippi Ave,Aurora,CO,80012
The Avenue Church,13231 E Mississippi Ave,Aurora,CO,80012
The Avenue Church,13231 E Mississippi Ave,Aurora,CO,80012
The Avenue Church,13231 E Mississippi Ave,Aurora,CO,80012
The Avenue Church,13231 E Mississippi Ave,Aurora,CO,80012
The Avenue Church,13231 E Mississippi Ave,Aurora,CO,80012
The Avenue Church,13231 E Mississippi Ave,Aurora,CO,80012
The Avenue Church,13231 E Mississippi Ave,Aurora,CO,80012
The Avenue Church,13231 E Mississippi Ave,Aurora,CO,80012
The Avenue Church,13231 E Mississippi Ave,Aurora,CO,80012
The Avenue Church,13231 E Mississippi Ave,Aurora,CO,80012
The Avenue Church,13231 E Mississippi Ave,Aurora,CO,80012
The Avenue Church,13231 E Mississippi Ave,Aurora,CO,80012
The Avenue Church,13231 E Mississippi Ave,Aurora,CO,80012
The Avenue Church,13231 E Mississippi Ave,Aurora,CO,80012
The Avenue Church,13231 E Mississippi Ave,Aurora,CO,80012
The Avenue Church,13231 E Mississippi Ave,Aurora,CO,80012
The Avenue Church,13231 E Mississippi Ave,Aurora,CO,80012
The Avenue Church,13231 E Mississippi Ave,Aurora,CO,80012
The Avenue Church,13231 E Mississippi Ave,Aurora,CO,80012
The Avenue Church,13231 E Mississippi Ave,Aurora,CO,80012
The Avenue Church,13231 E Mississippi Ave,Aurora,CO,80012
The Avenue Church,13231 E Mississippi Ave,Aurora,CO,80012
The Avenue Church,13231 E Mississippi Ave,Aurora,CO,80012
The Avenue Church,13231 E Mississippi Ave,Aurora,CO,80012
The Avenue Church,13231 E Mississippi Ave,Aurora,CO,80012
The Avenue Church,13231 E Mississippi Ave,Aurora,CO,80012
The Avenue Church,13231 E Mississippi Ave,Aurora,CO,80012
The Avenue Church,13231 E Mississippi Ave,Aurora,CO,80012
The Avenue Church,13231 E Mississippi Ave,Aurora,CO,80012
The Avenue Church,13231 E Mississippi Ave,Aurora,CO,80012
The Avenue Church,13231 E Mississippi Ave,Aurora,CO,80012
The Avenue Church,13231 E Mississippi Ave,Aurora,CO,80012
The Avenue Church,13231 E Mississippi Ave,Aurora,CO,80012
The Avenue Church,13231 E Mississippi Ave,Aurora,CO,80012
The Avenue Church,13231 E Mississippi Ave,Aurora,CO,80012
The Avenue Church,13231 E Mississippi Ave,Aurora,CO,80012
The Avenue Church,13231 E Mississippi Ave,Aurora,CO,80012
The Avenue Church,13231 E Mississippi Ave,Aurora,CO,80012
The Avenue Church,13231 E Mississippi Ave,Aurora,CO,80012
The Avenue Church,13231 E Mississippi Ave,Aurora,CO,80012
The Avenue Church,13231 E Mississippi Ave,Aurora,CO,80012
The Avenue Church,13231 E Mississippi Ave,Aurora,CO,80012
The Avenue Church,13231 E Mississippi Ave,Aurora,CO,80012
The Avenue Church,13231 E Mississippi Ave,Aurora,CO,80012
The Avenue Church,13231 E Mississippi Ave,Aurora,CO,80012
The Avenue Church,13231 E Mississippi Ave,Aurora,CO,80012
The Avenue Church,13231 E Mississippi Ave,Aurora,CO,80012